;;12-13;12-13;13-14;13-14;14-15;14-15;15-16;15-16;16-17;16-17;17-18;17-18;18-19;18-19;19-20;19-20;Total geral;Total geral
;;Total;Quantidade;Total;Quantidade;Total;Quantidade;Total;Quantidade;Total;Quantidade;Total;Quantidade;Total;Quantidade;Total;Quantidade;Total;Quantidade
2023-03-01;120 - EMPANADA ARGENTINA;;;;;;;;;;;R$ 16,00;1.00;;;R$ 16,00;1.00;R$ 32,00;2.00
2023-03-01;121 - QUICHE;;;;;R$ 16,00;1.00;;;;;;;;;R$ 32,00;2.00;R$ 48,00;3.00
2023-03-01;123 - QUICHES DOCES;;;;;;;;;;;R$ 14,00;1.00;;;;;R$ 14,00;1.00
2023-03-01;124 - BROWNIE + SORVETE;;;;;;;;;R$ 18,00;1.00;;;;;;;R$ 18,00;1.00
2023-03-01;13 - CAPPUCCINO ITALIANO;;;;;;;R$ 45,00;3.00;R$ 15,00;1.00;R$ 15,00;1.00;;;R$ 15,00;1.00;R$ 90,00;6.00
2023-03-01;15 - CAPPUCCINO CREME DE AVELA;;;;;;;;;R$ 17,00;1.00;;;;;;;R$ 17,00;1.00
2023-03-01;16 - CAPPUCCINO SABORIZADO;;;R$ 17,00;1.00;;;;;;;;;;;;;R$ 17,00;1.00
2023-03-01;35 - PAO DE QUEIJO PORCAO;;;;;;;;;;;R$ 12,00;1.00;;;;;R$ 12,00;1.00
2023-03-01;39 - SUCO DE LARANJA;;;;;R$ 18,00;2.00;;;;;;;;;;;R$ 18,00;2.00
2023-03-01;4 - CAFE FILTRADO PRENSA FRANCESA;;;;;;;R$ 14,00;1.00;;;;;;;;;R$ 14,00;1.00
2023-03-01;40 - COCA COLA;;;;;;;;;R$ 6,00;1.00;R$ 6,00;1.00;;;;;R$ 12,00;2.00
2023-03-01;43 - AGUA MINERAL COM GAS 330ML;;;;;;;;;;;;;R$ 6,00;1.00;;;R$ 6,00;1.00
2023-03-01;5 - ESPRESSO;;;;;;;;;;;;;R$ 8,00;1.00;R$ 0,00;0.00;R$ 8,00;1.00
2023-03-01;54 - BOLO DO DIA;;;;;;;R$ 15,00;1.00;R$ 15,00;1.00;;;;;;;R$ 30,00;2.00
2023-03-01;72 - CROISSANT PEITO DE PERU QUEIJO;;;;;;;;;R$ 22,00;1.00;;;;;R$ 22,00;1.00;R$ 44,00;2.00
2023-03-01;84 - CROISSANT QUEIJO TOMATE OREGAN;;;R$ 21,00;1.00;;;;;R$ 21,00;1.00;;;;;;;R$ 42,00;2.00
2023-03-01;86 - GUARANA ZERO;;;;;;;;;;;;;;;R$ 6,00;1.00;R$ 6,00;1.00
2023-03-01;88 - TORTA DO DIA;;;;;R$ 21,00;1.00;;;;;;;R$ 21,00;1.00;;;R$ 42,00;2.00
2023-03-01;89 - BROWNIE;;;;;;;;;;;R$ 14,00;1.00;;;R$ 14,00;1.00;R$ 28,00;2.00
2023-03-01;93 - PAO DE QUEIJO GRANDE;;;;;;;;;R$ 10,00;1.00;;;;;;;R$ 10,00;1.00
2023-03-01 Total;2023-03-01 Total;;;R$ 38,00;2.00;R$ 55,00;4.00;R$ 74,00;5.00;R$ 124,00;8.00;R$ 77,00;6.00;R$ 35,00;3.00;R$ 105,00;7.00;R$ 508,00;35.00
2023-03-02;10 - MATCHA LATTE;;;;;;;;;R$ 14,00;1.00;;;;;;;R$ 14,00;1.00
2023-03-02;106 - CROISSANT COM CARNE DE SOL;;;;;;;R$ 25,00;1.00;;;;;;;;;R$ 25,00;1.00
2023-03-02;11 - MACCHIATTO;;;;;;;;;R$ 10,00;1.00;;;;;;;R$ 10,00;1.00
2023-03-02;120 - EMPANADA ARGENTINA;;;R$ 16,00;1.00;R$ 16,00;1.00;R$ 16,00;1.00;R$ 32,00;2.00;;;R$ 16,00;1.00;;;R$ 96,00;6.00
2023-03-02;121 - QUICHE;;;;;R$ 16,00;1.00;;;;;;;;;;;R$ 16,00;1.00
2023-03-02;122 - COOKIE NUTELLA;;;;;R$ 15,00;1.00;R$ 15,00;1.00;;;;;;;;;R$ 30,00;2.00
2023-03-02;123 - QUICHES DOCES;;;;;R$ 14,00;1.00;R$ 14,00;1.00;R$ 14,00;1.00;R$ 14,00;1.00;;;;;R$ 56,00;4.00
2023-03-02;13 - CAPPUCCINO ITALIANO;;;;;R$ 15,00;1.00;R$ 15,00;1.00;R$ 30,00;2.00;R$ 15,00;1.00;R$ 30,00;2.00;;;R$ 105,00;7.00
2023-03-02;17 - CAFE LATTE TRADICIONAL;;;;;;;;;R$ 16,00;1.00;;;;;;;R$ 16,00;1.00
2023-03-02;19 - CHOCOLATE QUENTE MARSHMALLOW;;;;;R$ 20,00;1.00;;;R$ 20,00;1.00;R$ 20,00;1.00;;;;;R$ 60,00;3.00
2023-03-02;21 - AFFOGATO;;;;;;;;;;;R$ 20,00;1.00;;;;;R$ 20,00;1.00
2023-03-02;35 - PAO DE QUEIJO PORCAO;;;R$ 12,00;1.00;R$ 12,00;1.00;;;;;;;R$ 12,00;1.00;;;R$ 36,00;3.00
2023-03-02;4 - CAFE FILTRADO PRENSA FRANCESA;;;;;;;;;;;R$ 14,00;1.00;;;;;R$ 14,00;1.00
2023-03-02;40 - COCA COLA;;;;;;;R$ 6,00;1.00;;;;;;;;;R$ 6,00;1.00
2023-03-02;41 - COCA COLA ZERO;;;;;;;;;R$ 6,00;1.00;;;;;;;R$ 6,00;1.00
2023-03-02;42 - AGUA MINERAL 330ML;;;;;;;R$ 6,00;1.00;;;;;;;;;R$ 6,00;1.00
2023-03-02;43 - AGUA MINERAL COM GAS 330ML;;;R$ 6,00;1.00;;;R$ 6,00;1.00;R$ 6,00;1.00;;;;;;;R$ 18,00;3.00
2023-03-02;45 - CROISSANT TRADICIONAL;;;;;;;R$ 14,00;1.00;R$ 14,00;1.00;;;;;;;R$ 28,00;2.00
2023-03-02;5 - ESPRESSO;;;;;;;R$ 16,00;2.00;;;;;;;;;R$ 16,00;2.00
2023-03-02;57 - BRIGADEIRO;;;;;R$ 6,00;1.00;;;;;;;R$ 6,00;1.00;;;R$ 12,00;2.00
2023-03-02;8 - CAFE DM;;;;;;;;;;;R$ 20,00;1.00;;;;;R$ 20,00;1.00
2023-03-02;84 - CROISSANT QUEIJO TOMATE OREGAN;;;;;;;;;R$ 21,00;1.00;;;;;;;R$ 21,00;1.00
2023-03-02;88 - TORTA DO DIA;;;;;R$ 63,00;3.00;;;;;;;R$ 21,00;1.00;;;R$ 84,00;4.00
2023-03-02;89 - BROWNIE;;;;;R$ 14,00;1.00;R$ 14,00;1.00;R$ 14,00;1.00;;;R$ 14,00;1.00;;;R$ 56,00;4.00
2023-03-02;93 - PAO DE QUEIJO GRANDE;;;;;;;;;R$ 10,00;1.00;R$ 10,00;1.00;;;;;R$ 20,00;2.00
2023-03-02;94 - PORCAO EXTRA;;;;;;;R$ 3,00;1.00;R$ 3,00;1.00;;;;;;;R$ 6,00;2.00
2023-03-02 Total;2023-03-02 Total;;;R$ 34,00;3.00;R$ 191,00;12.00;R$ 150,00;13.00;R$ 210,00;16.00;R$ 113,00;7.00;R$ 99,00;7.00;;;R$ 797,00;58.00
2023-03-03;120 - EMPANADA ARGENTINA;;;;;;;R$ 16,00;1.00;;;;;;;;;R$ 16,00;1.00
2023-03-03;122 - COOKIE NUTELLA;;;R$ 30,00;2.00;;;;;R$ 15,00;1.00;R$ 15,00;1.00;;;;;R$ 60,00;4.00
2023-03-03;13 - CAPPUCCINO ITALIANO;;;;;;;;;R$ 30,00;2.00;;;;;;;R$ 30,00;2.00
2023-03-03;131 - ALFAJOR;;;;;;;;;;;R$ 12,00;1.00;;;;;R$ 12,00;1.00
2023-03-03;35 - PAO DE QUEIJO PORCAO;;;;;;;;;R$ 12,00;1.00;;;R$ 12,00;1.00;;;R$ 24,00;2.00
2023-03-03;39 - SUCO DE LARANJA;;;;;;;R$ 9,00;1.00;;;;;;;;;R$ 9,00;1.00
2023-03-03;40 - COCA COLA;;;R$ 6,00;1.00;;;;;;;;;;;;;R$ 6,00;1.00
2023-03-03;41 - COCA COLA ZERO;;;;;R$ 6,00;1.00;;;;;;;;;;;R$ 6,00;1.00
2023-03-03;42 - AGUA MINERAL 330ML;;;;;;;;;;;;;R$ 6,00;1.00;;;R$ 6,00;1.00
2023-03-03;43 - AGUA MINERAL COM GAS 330ML;;;;;;;R$ 6,00;1.00;;;;;;;;;R$ 6,00;1.00
2023-03-03;5 - ESPRESSO;;;;;;;;;R$ 8,00;1.00;;;;;;;R$ 8,00;1.00
2023-03-03;57 - BRIGADEIRO;;;;;;;;;;;;;R$ 6,00;1.00;;;R$ 6,00;1.00
2023-03-03;60 - COOKIE;;;R$ 13,00;1.00;;;;;;;;;;;;;R$ 13,00;1.00
2023-03-03;8 - CAFE DM;;;;;;;R$ 20,00;1.00;;;;;;;;;R$ 20,00;1.00
2023-03-03;85 - GUARANA ANTARTICA;;;R$ 6,00;1.00;;;;;;;;;;;;;R$ 6,00;1.00
2023-03-03;88 - TORTA DO DIA;;;R$ 21,00;1.00;;;R$ 42,00;2.00;;;;;;;;;R$ 63,00;3.00
2023-03-03;89 - BROWNIE;;;;;;;;;R$ 14,00;1.00;;;;;;;R$ 14,00;1.00
2023-03-03;93 - PAO DE QUEIJO GRANDE;;;;;;;;;R$ 10,00;1.00;;;;;;;R$ 10,00;1.00
2023-03-03 Total;2023-03-03 Total;;;R$ 76,00;6.00;R$ 6,00;1.00;R$ 93,00;6.00;R$ 89,00;7.00;R$ 27,00;2.00;R$ 24,00;3.00;;;R$ 315,00;25.00
2023-03-04;120 - EMPANADA ARGENTINA;;;;;;;;;R$ 16,00;1.00;;;;;;;R$ 16,00;1.00
2023-03-04;122 - COOKIE NUTELLA;;;;;;;R$ 15,00;1.00;;;;;;;;;R$ 15,00;1.00
2023-03-04;40 - COCA COLA;;;;;;;;;R$ 6,00;1.00;;;;;;;R$ 6,00;1.00
2023-03-04;43 - AGUA MINERAL COM GAS 330ML;;;;;;;R$ 6,00;1.00;;;;;;;;;R$ 6,00;1.00
2023-03-04;45 - CROISSANT TRADICIONAL;;;;;;;R$ 14,00;1.00;;;;;;;;;R$ 14,00;1.00
2023-03-04;5 - ESPRESSO;;;;;;;R$ 24,00;3.00;;;;;;;;;R$ 24,00;3.00
2023-03-04;53 - SUCO POLPA;;;R$ 9,00;1.00;;;;;;;;;;;;;R$ 9,00;1.00
2023-03-04;72 - CROISSANT PEITO DE PERU QUEIJO;;;R$ 22,00;1.00;;;;;;;;;;;;;R$ 22,00;1.00
2023-03-04;85 - GUARANA ANTARTICA;;;;;;;R$ 6,00;1.00;;;;;;;;;R$ 6,00;1.00
2023-03-04;89 - BROWNIE;;;;;;;R$ 14,00;1.00;;;;;;;;;R$ 14,00;1.00
2023-03-04;94 - PORCAO EXTRA;;;;;;;R$ 3,00;1.00;;;;;;;;;R$ 3,00;1.00
2023-03-04 Total;2023-03-04 Total;;;R$ 31,00;2.00;;;R$ 82,00;9.00;R$ 22,00;2.00;;;;;;;R$ 135,00;13.00
2023-03-06;120 - EMPANADA ARGENTINA;;;;;;;;;R$ 32,00;2.00;;;R$ 16,00;1.00;;;R$ 48,00;3.00
2023-03-06;123 - QUICHES DOCES;;;;;;;;;;;R$ 14,00;1.00;;;;;R$ 14,00;1.00
2023-03-06;13 - CAPPUCCINO ITALIANO;;;;;;;R$ 30,00;2.00;;;;;R$ 30,00;2.00;R$ 15,00;1.00;R$ 75,00;5.00
2023-03-06;16 - CAPPUCCINO SABORIZADO;;;;;;;R$ 17,00;1.00;;;;;;;;;R$ 17,00;1.00
2023-03-06;19 - CHOCOLATE QUENTE MARSHMALLOW;;;;;;;;;R$ 20,00;1.00;;;;;;;R$ 20,00;1.00
2023-03-06;3 - CAFE FILTRADO AEROPRESS;;;;;;;;;R$ 15,00;1.00;;;;;;;R$ 15,00;1.00
2023-03-06;33 - CHOCOLATE GELADO;;;;;;;;;R$ 18,00;1.00;;;;;;;R$ 18,00;1.00
2023-03-06;35 - PAO DE QUEIJO PORCAO;;;;;;;R$ 24,00;2.00;;;;;;;;;R$ 24,00;2.00
2023-03-06;39 - SUCO DE LARANJA;;;;;;;;;;;R$ 18,00;2.00;;;;;R$ 18,00;2.00
2023-03-06;41 - COCA COLA ZERO;;;;;;;;;;;R$ 6,00;1.00;;;;;R$ 6,00;1.00
2023-03-06;42 - AGUA MINERAL 330ML;;;;;;;R$ 12,00;2.00;R$ 6,00;1.00;R$ 6,00;1.00;;;;;R$ 24,00;4.00
2023-03-06;43 - AGUA MINERAL COM GAS 330ML;;;;;R$ 6,00;1.00;R$ 6,00;1.00;;;;;;;;;R$ 12,00;2.00
2023-03-06;5 - ESPRESSO;;;;;;;;;R$ 8,00;1.00;R$ 8,00;1.00;;;;;R$ 16,00;2.00
2023-03-06;50 - CROISSANT COM NUTELLA;;;;;;;;;R$ 24,00;1.00;;;;;;;R$ 24,00;1.00
2023-03-06;54 - BOLO DO DIA;;;;;;;R$ 15,00;1.00;;;;;;;;;R$ 15,00;1.00
2023-03-06;56 - LATTE BISCOFF;;;;;;;;;;;R$ 20,00;1.00;;;;;R$ 20,00;1.00
2023-03-06;57 - BRIGADEIRO;;;;;R$ 6,00;1.00;R$ 6,00;1.00;;;R$ 6,00;1.00;;;;;R$ 18,00;3.00
2023-03-06;72 - CROISSANT PEITO DE PERU QUEIJO;;;;;;;;;;;R$ 22,00;1.00;R$ 22,00;1.00;;;R$ 44,00;2.00
2023-03-06;85 - GUARANA ANTARTICA;;;;;;;;;;;;;;;R$ 6,00;1.00;R$ 6,00;1.00
2023-03-06;88 - TORTA DO DIA;;;;;;;;;;;;;;;R$ 21,00;1.00;R$ 21,00;1.00
2023-03-06;91 - CROISSANT FRANGO E QUEIJO;;;;;;;;;;;R$ 24,00;1.00;;;;;R$ 24,00;1.00
2023-03-06;93 - PAO DE QUEIJO GRANDE;;;;;;;R$ 10,00;1.00;R$ 10,00;1.00;;;R$ 10,00;1.00;;;R$ 30,00;3.00
2023-03-06 Total;2023-03-06 Total;;;;;R$ 12,00;2.00;R$ 120,00;11.00;R$ 133,00;9.00;R$ 124,00;10.00;R$ 78,00;5.00;R$ 42,00;3.00;R$ 509,00;40.00
2023-03-07;106 - CROISSANT COM CARNE DE SOL;;;;;;;;;R$ 25,00;1.00;;;;;;;R$ 25,00;1.00
2023-03-07;12 - CAFE MOCHA;;;;;;;R$ 57,00;3.00;;;R$ 19,00;1.00;R$ 19,00;1.00;;;R$ 95,00;5.00
2023-03-07;120 - EMPANADA ARGENTINA;;;;;;;R$ 64,00;4.00;;;R$ 16,00;1.00;R$ 32,00;2.00;;;R$ 112,00;7.00
2023-03-07;122 - COOKIE NUTELLA;;;;;;;R$ 15,00;1.00;;;R$ 15,00;1.00;;;;;R$ 30,00;2.00
2023-03-07;123 - QUICHES DOCES;;;;;R$ 14,00;1.00;;;;;;;;;;;R$ 14,00;1.00
2023-03-07;128 - FRAPPE NUTELLA;;;;;;;;;R$ 27,00;1.00;R$ 27,00;1.00;;;;;R$ 54,00;2.00
2023-03-07;13 - CAPPUCCINO ITALIANO;;;;;R$ 15,00;1.00;R$ 15,00;1.00;;;;;;;;;R$ 30,00;2.00
2023-03-07;15 - CAPPUCCINO CREME DE AVELA;;;;;;;;;R$ 17,00;1.00;;;;;;;R$ 17,00;1.00
2023-03-07;27 - CAFE DM GELADO;;;;;;;R$ 20,00;1.00;;;;;;;;;R$ 20,00;1.00
2023-03-07;28 - ICED LATTE;;;;;;;R$ 18,00;1.00;;;;;;;;;R$ 18,00;1.00
2023-03-07;32 - MOCHA GELADO;;;;;;;;;;;R$ 19,00;1.00;;;;;R$ 19,00;1.00
2023-03-07;40 - COCA COLA;;;;;;;R$ 6,00;1.00;;;;;;;;;R$ 6,00;1.00
2023-03-07;42 - AGUA MINERAL 330ML;;;;;;;;;;;;;R$ 6,00;1.00;;;R$ 6,00;1.00
2023-03-07;43 - AGUA MINERAL COM GAS 330ML;;;;;;;R$ 6,00;1.00;;;R$ 6,00;1.00;;;;;R$ 12,00;2.00
2023-03-07;46 - CROISSANT COM QUEIJO;;;;;;;;;;;R$ 18,00;1.00;R$ 18,00;1.00;;;R$ 36,00;2.00
2023-03-07;5 - ESPRESSO;;;R$ 8,00;1.00;R$ 24,00;3.00;;;;;R$ 8,00;1.00;;;;;R$ 40,00;5.00
2023-03-07;50 - CROISSANT COM NUTELLA;;;;;;;;;;;;;R$ 48,00;2.00;;;R$ 48,00;2.00
2023-03-07;53 - SUCO POLPA;;;;;;;;;;;;;R$ 9,00;1.00;;;R$ 9,00;1.00
2023-03-07;56 - LATTE BISCOFF;;;;;;;;;R$ 20,00;1.00;;;;;;;R$ 20,00;1.00
2023-03-07;72 - CROISSANT PEITO DE PERU QUEIJO;;;;;;;;;;;R$ 22,00;1.00;R$ 44,00;2.00;;;R$ 66,00;3.00
2023-03-07;8 - CAFE DM;;;;;;;;;;;;;R$ 20,00;1.00;;;R$ 20,00;1.00
2023-03-07;84 - CROISSANT QUEIJO TOMATE OREGAN;;;;;;;R$ 21,00;1.00;R$ 21,00;1.00;;;;;;;R$ 42,00;2.00
2023-03-07;85 - GUARANA ANTARTICA;;;;;;;;;;;;;R$ 6,00;1.00;;;R$ 6,00;1.00
2023-03-07;86 - GUARANA ZERO;;;;;;;;;;;;;R$ 6,00;1.00;;;R$ 6,00;1.00
2023-03-07;88 - TORTA DO DIA;;;;;;;;;R$ 21,00;1.00;R$ 21,00;1.00;R$ 21,00;1.00;;;R$ 63,00;3.00
2023-03-07;89 - BROWNIE;;;;;R$ 14,00;1.00;;;;;R$ 14,00;1.00;;;;;R$ 28,00;2.00
2023-03-07;91 - CROISSANT FRANGO E QUEIJO;;;;;;;;;R$ 24,00;1.00;;;;;;;R$ 24,00;1.00
2023-03-07;93 - PAO DE QUEIJO GRANDE;;;;;;;;;;;R$ 10,00;1.00;;;;;R$ 10,00;1.00
2023-03-07;95 - BROWNIE BRANCO LIMAO SICILIANO;;;;;;;;;;;R$ 16,00;1.00;;;;;R$ 16,00;1.00
2023-03-07 Total;2023-03-07 Total;;;R$ 8,00;1.00;R$ 67,00;6.00;R$ 222,00;14.00;R$ 155,00;7.00;R$ 211,00;13.00;R$ 229,00;14.00;;;R$ 892,00;55.00
2023-03-08;1 - CAFE FILTRADO V60;;;;;;;;;R$ 15,00;1.00;;;;;;;R$ 15,00;1.00
2023-03-08;120 - EMPANADA ARGENTINA;;;;;;;;;R$ 16,00;1.00;;;;;;;R$ 16,00;1.00
2023-03-08;123 - QUICHES DOCES;;;R$ 14,00;1.00;;;;;;;;;;;;;R$ 14,00;1.00
2023-03-08;13 - CAPPUCCINO ITALIANO;;;R$ 15,00;1.00;;;;;R$ 15,00;1.00;;;;;;;R$ 30,00;2.00
2023-03-08;20 - CHOCOLATE BRANCO WHITTARD;;;;;;;;;;;R$ 20,00;1.00;;;;;R$ 20,00;1.00
2023-03-08;3 - CAFE FILTRADO AEROPRESS;;;;;;;;;R$ 15,00;1.00;;;;;;;R$ 15,00;1.00
2023-03-08;35 - PAO DE QUEIJO PORCAO;;;;;;;R$ 12,00;1.00;R$ 12,00;1.00;;;;;;;R$ 24,00;2.00
2023-03-08;42 - AGUA MINERAL 330ML;;;;;;;;;;;R$ 6,00;1.00;;;;;R$ 6,00;1.00
2023-03-08;5 - ESPRESSO;;;;;;;;;R$ 16,00;2.00;;;;;;;R$ 16,00;2.00
2023-03-08;6 - ESPRESSO DUPLO;;;R$ 11,00;1.00;;;;;;;;;;;;;R$ 11,00;1.00
2023-03-08;72 - CROISSANT PEITO DE PERU QUEIJO;;;;;;;;;;;R$ 22,00;1.00;;;;;R$ 22,00;1.00
2023-03-08;89 - BROWNIE;;;R$ 14,00;1.00;R$ 14,00;1.00;;;;;;;;;;;R$ 28,00;2.00
2023-03-08 Total;2023-03-08 Total;;;R$ 54,00;4.00;R$ 14,00;1.00;R$ 12,00;1.00;R$ 89,00;7.00;R$ 48,00;3.00;;;;;R$ 217,00;16.00
2023-03-09;10 - MATCHA LATTE;;;;;;;;;;;R$ 14,00;1.00;;;;;R$ 14,00;1.00
2023-03-09;120 - EMPANADA ARGENTINA;;;R$ 16,00;1.00;;;;;R$ 16,00;1.00;R$ 32,00;2.00;;;R$ 16,00;1.00;R$ 80,00;5.00
2023-03-09;124 - BROWNIE + SORVETE;;;;;;;R$ 18,00;1.00;;;;;;;;;R$ 18,00;1.00
2023-03-09;13 - CAPPUCCINO ITALIANO;;;R$ 15,00;1.00;R$ 15,00;1.00;;;R$ 30,00;2.00;R$ 15,00;1.00;R$ 30,00;2.00;;;R$ 105,00;7.00
2023-03-09;132 - COMBO CROISSANT CAPP ITALIANO;;;;;;;;;;;R$ 31,00;1.00;;;;;R$ 31,00;1.00
2023-03-09;35 - PAO DE QUEIJO PORCAO;;;;;;;;;R$ 12,00;1.00;R$ 12,00;1.00;R$ 12,00;1.00;;;R$ 36,00;3.00
2023-03-09;4 - CAFE FILTRADO PRENSA FRANCESA;;;;;;;;;R$ 28,00;2.00;;;;;;;R$ 28,00;2.00
2023-03-09;41 - COCA COLA ZERO;;;R$ 6,00;1.00;;;;;;;;;;;;;R$ 6,00;1.00
2023-03-09;42 - AGUA MINERAL 330ML;;;;;R$ 6,00;1.00;;;R$ 6,00;1.00;;;;;;;R$ 12,00;2.00
2023-03-09;43 - AGUA MINERAL COM GAS 330ML;;;;;R$ 12,00;2.00;;;;;;;;;;;R$ 12,00;2.00
2023-03-09;46 - CROISSANT COM QUEIJO;;;;;;;;;;;;;R$ 18,00;1.00;;;R$ 18,00;1.00
2023-03-09;5 - ESPRESSO;;;;;;;;;R$ 8,00;1.00;R$ 16,00;2.00;R$ 16,00;2.00;;;R$ 40,00;5.00
2023-03-09;6 - ESPRESSO DUPLO;;;;;;;;;;;;;;;R$ 11,00;1.00;R$ 11,00;1.00
2023-03-09;61 - DM BLEND MOIDO 250G;;;;;;;;;;;;;;;R$ 38,50;1.00;R$ 38,50;1.00
2023-03-09;95 - BROWNIE BRANCO LIMAO SICILIANO;;;R$ 16,00;1.00;R$ 16,00;1.00;;;R$ 16,00;1.00;;;;;;;R$ 48,00;3.00
2023-03-09 Total;2023-03-09 Total;;;R$ 53,00;4.00;R$ 49,00;5.00;R$ 18,00;1.00;R$ 116,00;9.00;R$ 120,00;8.00;R$ 76,00;6.00;R$ 65,50;3.00;R$ 497,50;36.00
2023-03-10;106 - CROISSANT COM CARNE DE SOL;;;;;;;;;;;R$ 25,00;1.00;;;;;R$ 25,00;1.00
2023-03-10;13 - CAPPUCCINO ITALIANO;;;R$ 30,00;2.00;;;;;;;R$ 15,00;1.00;;;;;R$ 45,00;3.00
2023-03-10;133 - COMBO PAO DE QUEIJO CAPP ITALI;;;;;;;;;;;R$ 22,00;1.00;;;;;R$ 22,00;1.00
2023-03-10;40 - COCA COLA;;;;;R$ 6,00;1.00;;;;;;;;;;;R$ 6,00;1.00
2023-03-10;41 - COCA COLA ZERO;;;;;R$ 12,00;2.00;;;;;;;;;;;R$ 12,00;2.00
2023-03-10;42 - AGUA MINERAL 330ML;;;R$ 6,00;1.00;;;R$ 6,00;1.00;;;;;;;;;R$ 12,00;2.00
2023-03-10;43 - AGUA MINERAL COM GAS 330ML;;;;;;;R$ 6,00;1.00;;;;;R$ 6,00;1.00;;;R$ 12,00;2.00
2023-03-10;46 - CROISSANT COM QUEIJO;;;;;;;;;;;R$ 18,00;1.00;;;;;R$ 18,00;1.00
2023-03-10;5 - ESPRESSO;;;;;R$ 8,00;1.00;;;;;;;;;;;R$ 8,00;1.00
2023-03-10;57 - BRIGADEIRO;;;;;R$ 6,00;1.00;;;;;;;;;;;R$ 6,00;1.00
2023-03-10;60 - COOKIE;;;;;R$ 13,00;1.00;;;;;;;;;;;R$ 13,00;1.00
2023-03-10;72 - CROISSANT PEITO DE PERU QUEIJO;;;;;R$ 22,00;1.00;;;;;R$ 22,00;1.00;;;;;R$ 44,00;2.00
2023-03-10;84 - CROISSANT QUEIJO TOMATE OREGAN;;;;;R$ 21,00;1.00;;;;;;;;;;;R$ 21,00;1.00
2023-03-10;89 - BROWNIE;;;;;R$ 14,00;1.00;;;;;R$ 14,00;1.00;;;;;R$ 28,00;2.00
2023-03-10;93 - PAO DE QUEIJO GRANDE;;;;;;;;;;;R$ 0,00;0.00;;;;;R$ 0,00;0.00
2023-03-10 Total;2023-03-10 Total;;;R$ 36,00;3.00;R$ 102,00;9.00;R$ 12,00;2.00;;;R$ 116,00;6.00;R$ 6,00;1.00;;;R$ 272,00;21.00
2023-03-11;106 - CROISSANT COM CARNE DE SOL;;;R$ 25,00;1.00;;;;;;;;;;;;;R$ 25,00;1.00
2023-03-11;120 - EMPANADA ARGENTINA;;;R$ 16,00;1.00;;;;;;;;;;;;;R$ 16,00;1.00
2023-03-11;39 - SUCO DE LARANJA;;;R$ 9,00;1.00;;;;;;;;;;;;;R$ 9,00;1.00
2023-03-11;45 - CROISSANT TRADICIONAL;;;R$ 14,00;1.00;;;;;;;;;;;;;R$ 14,00;1.00
2023-03-11;51 - CROISSANT COM GELEIA;;;;;;;;;R$ 19,00;1.00;;;;;;;R$ 19,00;1.00
2023-03-11;72 - CROISSANT PEITO DE PERU QUEIJO;;;;;R$ 22,00;1.00;;;;;;;;;;;R$ 22,00;1.00
2023-03-11;8 - CAFE DM;;;;;;;;;R$ 20,00;1.00;;;;;;;R$ 20,00;1.00
2023-03-11 Total;2023-03-11 Total;;;R$ 64,00;4.00;R$ 22,00;1.00;;;R$ 39,00;2.00;;;;;;;R$ 125,00;7.00
2023-03-13;106 - CROISSANT COM CARNE DE SOL;;;;;;;;;;;;;R$ 25,00;1.00;;;R$ 25,00;1.00
2023-03-13;120 - EMPANADA ARGENTINA;;;R$ 16,00;1.00;;;R$ 32,00;2.00;;;;;;;R$ 32,00;2.00;R$ 80,00;5.00
2023-03-13;127 - MASSA FOLHEADA;;;R$ 16,00;1.00;;;;;;;;;;;;;R$ 16,00;1.00
2023-03-13;13 - CAPPUCCINO ITALIANO;;;;;;;R$ 15,00;1.00;R$ 15,00;1.00;;;;;;;R$ 30,00;2.00
2023-03-13;131 - ALFAJOR;;;;;;;;;R$ 12,00;1.00;;;;;;;R$ 12,00;1.00
2023-03-13;15 - CAPPUCCINO CREME DE AVELA;;;;;;;;;R$ 17,00;1.00;;;;;;;R$ 17,00;1.00
2023-03-13;17 - CAFE LATTE TRADICIONAL;;;R$ 16,00;1.00;;;R$ 16,00;1.00;;;;;;;;;R$ 32,00;2.00
2023-03-13;31 - SCHWEPPES;;;;;;;R$ 0,00;0.00;;;;;;;;;R$ 0,00;0.00
2023-03-13;35 - PAO DE QUEIJO PORCAO;;;;;;;;;R$ 12,00;1.00;R$ 12,00;1.00;;;;;R$ 24,00;2.00
2023-03-13;39 - SUCO DE LARANJA;;;R$ 9,00;1.00;;;;;;;;;;;R$ 9,00;1.00;R$ 18,00;2.00
2023-03-13;4 - CAFE FILTRADO PRENSA FRANCESA;;;;;R$ 28,00;2.00;;;R$ 14,00;1.00;;;;;;;R$ 42,00;3.00
2023-03-13;42 - AGUA MINERAL 330ML;;;;;;;R$ 6,00;1.00;R$ 6,00;1.00;;;;;;;R$ 12,00;2.00
2023-03-13;46 - CROISSANT COM QUEIJO;;;;;;;;;R$ 18,00;1.00;;;;;;;R$ 18,00;1.00
2023-03-13;5 - ESPRESSO;;;R$ 8,00;1.00;;;;;;;;;;;R$ 16,00;2.00;R$ 24,00;3.00
2023-03-13;54 - BOLO DO DIA;;;;;;;R$ 15,00;1.00;R$ 15,00;1.00;;;;;;;R$ 30,00;2.00
2023-03-13;57 - BRIGADEIRO;;;;;;;;;;;;;;;R$ 6,00;1.00;R$ 6,00;1.00
2023-03-13;60 - COOKIE;;;R$ 13,00;1.00;R$ 26,00;2.00;;;R$ 13,00;1.00;;;;;;;R$ 52,00;4.00
2023-03-13;72 - CROISSANT PEITO DE PERU QUEIJO;;;;;;;;;R$ 22,00;1.00;;;;;;;R$ 22,00;1.00
2023-03-13;84 - CROISSANT QUEIJO TOMATE OREGAN;;;;;;;R$ 21,00;1.00;;;;;;;;;R$ 21,00;1.00
2023-03-13;85 - GUARANA ANTARTICA;;;;;;;R$ 6,00;1.00;;;;;;;;;R$ 6,00;1.00
2023-03-13;88 - TORTA DO DIA;;;;;;;R$ 42,00;2.00;R$ 21,00;1.00;;;;;;;R$ 63,00;3.00
2023-03-13;89 - BROWNIE;;;R$ 14,00;1.00;;;;;;;;;;;;;R$ 14,00;1.00
2023-03-13;93 - PAO DE QUEIJO GRANDE;;;;;;;;;;;;;;;R$ 10,00;1.00;R$ 10,00;1.00
2023-03-13 Total;2023-03-13 Total;;;R$ 92,00;7.00;R$ 54,00;4.00;R$ 153,00;10.00;R$ 165,00;11.00;R$ 12,00;1.00;R$ 25,00;1.00;R$ 73,00;7.00;R$ 574,00;41.00
2023-03-14;120 - EMPANADA ARGENTINA;;;;;;;R$ 16,00;1.00;;;;;;;;;R$ 16,00;1.00
2023-03-14;123 - QUICHES DOCES;;;;;R$ 14,00;1.00;;;;;;;;;;;R$ 14,00;1.00
2023-03-14;13 - CAPPUCCINO ITALIANO;;;;;R$ 15,00;1.00;;;R$ 30,00;2.00;;;R$ 15,00;1.00;;;R$ 60,00;4.00
2023-03-14;131 - ALFAJOR;;;R$ 24,00;2.00;;;;;;;;;;;R$ 12,00;1.00;R$ 36,00;3.00
2023-03-14;16 - CAPPUCCINO SABORIZADO;;;;;;;;;;;;;R$ 17,00;1.00;;;R$ 17,00;1.00
2023-03-14;17 - CAFE LATTE TRADICIONAL;;;;;;;R$ 16,00;1.00;;;;;;;;;R$ 16,00;1.00
2023-03-14;28 - ICED LATTE;;;R$ 18,00;1.00;;;;;;;;;;;;;R$ 18,00;1.00
2023-03-14;35 - PAO DE QUEIJO PORCAO;;;R$ 12,00;1.00;;;;;;;;;;;R$ 12,00;1.00;R$ 24,00;2.00
2023-03-14;4 - CAFE FILTRADO PRENSA FRANCESA;;;;;;;;;;;;;;;R$ 14,00;1.00;R$ 14,00;1.00
2023-03-14;41 - COCA COLA ZERO;;;;;;;;;R$ 6,00;1.00;;;;;;;R$ 6,00;1.00
2023-03-14;42 - AGUA MINERAL 330ML;;;;;R$ 6,00;1.00;;;;;;;;;;;R$ 6,00;1.00
2023-03-14;43 - AGUA MINERAL COM GAS 330ML;;;R$ 6,00;1.00;;;;;;;;;;;;;R$ 6,00;1.00
2023-03-14;45 - CROISSANT TRADICIONAL;;;;;;;;;R$ 14,00;1.00;;;R$ 14,00;1.00;;;R$ 28,00;2.00
2023-03-14;5 - ESPRESSO;;;R$ 8,00;1.00;;;;;;;;;;;;;R$ 8,00;1.00
2023-03-14;57 - BRIGADEIRO;;;R$ 6,00;1.00;;;;;;;;;;;;;R$ 6,00;1.00
2023-03-14;72 - CROISSANT PEITO DE PERU QUEIJO;;;;;;;R$ 22,00;1.00;;;;;;;;;R$ 22,00;1.00
2023-03-14;75 - PRENSA FRANCESA;;;;;;;;;;;;;;;R$ 0,00;0.00;R$ 0,00;0.00
2023-03-14;84 - CROISSANT QUEIJO TOMATE OREGAN;;;;;;;;;;;;;R$ 21,00;1.00;;;R$ 21,00;1.00
2023-03-14;89 - BROWNIE;;;;;;;R$ 14,00;1.00;;;;;R$ 14,00;1.00;;;R$ 28,00;2.00
2023-03-14 Total;2023-03-14 Total;;;R$ 74,00;7.00;R$ 35,00;3.00;R$ 68,00;4.00;R$ 50,00;4.00;;;R$ 81,00;5.00;R$ 38,00;3.00;R$ 346,00;26.00
2023-03-15;106 - CROISSANT COM CARNE DE SOL;;;;;;;;;R$ 25,00;1.00;;;;;;;R$ 25,00;1.00
2023-03-15;11 - MACCHIATTO;;;;;;;R$ 10,00;1.00;;;;;;;;;R$ 10,00;1.00
2023-03-15;120 - EMPANADA ARGENTINA;;;;;R$ 16,00;1.00;;;;;;;;;;;R$ 16,00;1.00
2023-03-15;123 - QUICHES DOCES;;;;;;;R$ 28,00;2.00;-R$ 14,00;-1.00;;;;;;;R$ 14,00;1.00
2023-03-15;13 - CAPPUCCINO ITALIANO;;;;;;;R$ 15,00;1.00;R$ 15,00;1.00;;;;;R$ 15,00;1.00;R$ 45,00;3.00
2023-03-15;17 - CAFE LATTE TRADICIONAL;;;;;;;;;R$ 32,00;2.00;;;;;;;R$ 32,00;2.00
2023-03-15;19 - CHOCOLATE QUENTE MARSHMALLOW;;;;;;;;;;;;;R$ 20,00;1.00;;;R$ 20,00;1.00
2023-03-15;2 - CAFE FILTRADO CHEMEX;;;;;R$ 15,00;1.00;;;;;;;;;;;R$ 15,00;1.00
2023-03-15;35 - PAO DE QUEIJO PORCAO;;;;;;;;;;;;;;;R$ 12,00;1.00;R$ 12,00;1.00
2023-03-15;40 - COCA COLA;;;;;;;;;R$ 6,00;1.00;;;;;;;R$ 6,00;1.00
2023-03-15;41 - COCA COLA ZERO;;;;;;;;;;;R$ 6,00;1.00;;;;;R$ 6,00;1.00
2023-03-15;42 - AGUA MINERAL 330ML;;;;;;;;;R$ 12,00;2.00;;;;;R$ 6,00;1.00;R$ 18,00;3.00
2023-03-15;43 - AGUA MINERAL COM GAS 330ML;;;;;;;R$ 6,00;1.00;;;;;;;;;R$ 6,00;1.00
2023-03-15;45 - CROISSANT TRADICIONAL;;;;;;;;;;;;;R$ 14,00;1.00;;;R$ 14,00;1.00
2023-03-15;46 - CROISSANT COM QUEIJO;;;;;;;;;;;;;R$ 18,00;1.00;R$ 18,00;1.00;R$ 36,00;2.00
2023-03-15;5 - ESPRESSO;;;;;;;;;R$ 8,00;1.00;;;;;;;R$ 8,00;1.00
2023-03-15;60 - COOKIE;;;;;;;;;R$ 13,00;1.00;R$ 13,00;1.00;;;;;R$ 26,00;2.00
2023-03-15;88 - TORTA DO DIA;;;;;;;;;R$ 21,00;1.00;;;;;;;R$ 21,00;1.00
2023-03-15;89 - BROWNIE;;;;;;;R$ 14,00;1.00;R$ 14,00;1.00;R$ 14,00;1.00;;;;;R$ 42,00;3.00
2023-03-15;91 - CROISSANT FRANGO E QUEIJO;;;;;;;;;R$ 24,00;1.00;;;;;;;R$ 24,00;1.00
2023-03-15;94 - PORCAO EXTRA;;;;;;;;;;;;;;;R$ 3,00;1.00;R$ 3,00;1.00
2023-03-15 Total;2023-03-15 Total;;;;;R$ 31,00;2.00;R$ 73,00;6.00;R$ 156,00;11.00;R$ 33,00;3.00;R$ 52,00;3.00;R$ 54,00;5.00;R$ 399,00;30.00
2023-03-16;11 - MACCHIATTO;;;;;;;;;R$ 10,00;1.00;;;;;;;R$ 10,00;1.00
2023-03-16;120 - EMPANADA ARGENTINA;;;R$ 16,00;1.00;;;;;;;;;;;;;R$ 16,00;1.00
2023-03-16;13 - CAPPUCCINO ITALIANO;;;R$ 15,00;1.00;R$ 30,00;2.00;;;R$ 15,00;1.00;;;;;;;R$ 60,00;4.00
2023-03-16;133 - COMBO PAO DE QUEIJO CAPP ITALI;;;;;;;;;;;;;R$ 22,00;1.00;;;R$ 22,00;1.00
2023-03-16;17 - CAFE LATTE TRADICIONAL;;;;;;;R$ 16,00;1.00;;;;;;;;;R$ 16,00;1.00
2023-03-16;35 - PAO DE QUEIJO PORCAO;;;;;R$ 12,00;1.00;;;;;;;;;;;R$ 12,00;1.00
2023-03-16;39 - SUCO DE LARANJA;;;R$ 9,00;1.00;;;;;;;;;;;;;R$ 9,00;1.00
2023-03-16;42 - AGUA MINERAL 330ML;;;;;;;R$ 6,00;1.00;;;;;;;;;R$ 6,00;1.00
2023-03-16;46 - CROISSANT COM QUEIJO;;;;;;;R$ 18,00;1.00;;;;;;;;;R$ 18,00;1.00
2023-03-16;5 - ESPRESSO;;;;;R$ 0,00;0.00;;;;;;;R$ 8,00;1.00;;;R$ 8,00;1.00
2023-03-16;88 - TORTA DO DIA;;;;;;;;;;;R$ 42,00;2.00;;;;;R$ 42,00;2.00
2023-03-16;89 - BROWNIE;;;;;;;;;R$ 14,00;1.00;;;;;;;R$ 14,00;1.00
2023-03-16;93 - PAO DE QUEIJO GRANDE;;;;;;;;;R$ 10,00;1.00;;;;;;;R$ 10,00;1.00
2023-03-16 Total;2023-03-16 Total;;;R$ 40,00;3.00;R$ 42,00;3.00;R$ 40,00;3.00;R$ 49,00;4.00;R$ 42,00;2.00;R$ 30,00;2.00;;;R$ 243,00;17.00
2023-03-17;11 - MACCHIATTO;;;R$ 10,00;1.00;;;;;;;;;;;;;R$ 10,00;1.00
2023-03-17;120 - EMPANADA ARGENTINA;;;;;R$ 16,00;1.00;;;;;;;;;;;R$ 16,00;1.00
2023-03-17;123 - QUICHES DOCES;;;R$ 14,00;1.00;;;;;;;;;;;;;R$ 14,00;1.00
2023-03-17;133 - COMBO PAO DE QUEIJO CAPP ITALI;;;;;;;R$ 22,00;1.00;;;;;;;;;R$ 22,00;1.00
2023-03-17;41 - COCA COLA ZERO;;;R$ 6,00;1.00;;;;;;;;;;;;;R$ 6,00;1.00
2023-03-17;43 - AGUA MINERAL COM GAS 330ML;;;R$ 12,00;2.00;;;;;;;;;;;;;R$ 12,00;2.00
2023-03-17;5 - ESPRESSO;;;;;;;;;;;;;R$ 8,00;1.00;R$ 8,00;1.00;R$ 16,00;2.00
2023-03-17;56 - LATTE BISCOFF;;;;;;;R$ 20,00;1.00;;;;;;;;;R$ 20,00;1.00
2023-03-17;60 - COOKIE;;;;;R$ 13,00;1.00;R$ 13,00;1.00;;;;;;;;;R$ 26,00;2.00
2023-03-17;8 - CAFE DM;;;;;R$ 20,00;1.00;;;;;;;;;;;R$ 20,00;1.00
2023-03-17;80 - FLAT WHITE;;;;;;;R$ 36,00;2.00;;;;;;;;;R$ 36,00;2.00
2023-03-17;86 - GUARANA ZERO;;;;;R$ 6,00;1.00;;;;;;;;;;;R$ 6,00;1.00
2023-03-17;88 - TORTA DO DIA;;;;;;;R$ 21,00;1.00;;;;;;;;;R$ 21,00;1.00
2023-03-17;89 - BROWNIE;;;R$ 14,00;1.00;R$ 14,00;1.00;R$ 14,00;1.00;;;;;;;;;R$ 42,00;3.00
2023-03-17 Total;2023-03-17 Total;;;R$ 56,00;6.00;R$ 69,00;5.00;R$ 126,00;7.00;;;;;R$ 8,00;1.00;R$ 8,00;1.00;R$ 267,00;20.00
2023-03-18;106 - CROISSANT COM CARNE DE SOL;;;;;;;R$ 25,00;1.00;;;;;;;;;R$ 25,00;1.00
2023-03-18;127 - MASSA FOLHEADA;;;;;R$ 16,00;1.00;;;;;;;;;;;R$ 16,00;1.00
2023-03-18;3 - CAFE FILTRADO AEROPRESS;;;;;;;;;;;R$ 15,00;1.00;;;;;R$ 15,00;1.00
2023-03-18;40 - COCA COLA;;;;;R$ 6,00;1.00;;;;;;;;;;;R$ 6,00;1.00
2023-03-18;5 - ESPRESSO;;;;;R$ 8,00;1.00;;;;;;;;;;;R$ 8,00;1.00
2023-03-18;61 - DM BLEND MOIDO 250G;;;;;;;;;;;R$ 38,50;1.00;;;;;R$ 38,50;1.00
2023-03-18;84 - CROISSANT QUEIJO TOMATE OREGAN;;;;;;;;;R$ 21,00;1.00;R$ 21,00;1.00;;;;;R$ 42,00;2.00
2023-03-18;88 - TORTA DO DIA;;;;;;;;;R$ 21,00;1.00;;;;;;;R$ 21,00;1.00
2023-03-18 Total;2023-03-18 Total;;;;;R$ 30,00;3.00;R$ 25,00;1.00;R$ 42,00;2.00;R$ 74,50;3.00;;;;;R$ 171,50;9.00
2023-03-20;1 - CAFE FILTRADO V60;;;;;R$ 15,00;1.00;;;;;;;;;;;R$ 15,00;1.00
2023-03-20;106 - CROISSANT COM CARNE DE SOL;R$ 25,00;1.00;;;;;;;R$ 25,00;1.00;;;;;;;R$ 50,00;2.00
2023-03-20;11 - MACCHIATTO;;;;;;;;;R$ 30,00;3.00;;;R$ 10,00;1.00;;;R$ 40,00;4.00
2023-03-20;120 - EMPANADA ARGENTINA;;;;;R$ 16,00;1.00;;;;;;;R$ 16,00;1.00;R$ 16,00;1.00;R$ 48,00;3.00
2023-03-20;122 - COOKIE NUTELLA;;;;;;;;;R$ 30,00;2.00;;;;;;;R$ 30,00;2.00
2023-03-20;124 - BROWNIE + SORVETE;;;;;;;;;;;R$ 18,00;1.00;;;;;R$ 18,00;1.00
2023-03-20;13 - CAPPUCCINO ITALIANO;;;;;R$ 15,00;1.00;R$ 15,00;1.00;R$ 30,00;2.00;;;R$ 30,00;2.00;;;R$ 90,00;6.00
2023-03-20;133 - COMBO PAO DE QUEIJO CAPP ITALI;;;;;;;R$ 22,00;1.00;;;;;;;;;R$ 22,00;1.00
2023-03-20;17 - CAFE LATTE TRADICIONAL;R$ 16,00;1.00;;;;;;;;;;;;;;;R$ 16,00;1.00
2023-03-20;19 - CHOCOLATE QUENTE MARSHMALLOW;;;;;;;;;;;R$ 20,00;1.00;;;;;R$ 20,00;1.00
2023-03-20;35 - PAO DE QUEIJO PORCAO;;;;;;;;;;;;;R$ 12,00;1.00;;;R$ 12,00;1.00
2023-03-20;39 - SUCO DE LARANJA;;;;;;;R$ 18,00;2.00;R$ 9,00;1.00;R$ 9,00;1.00;;;;;R$ 36,00;4.00
2023-03-20;40 - COCA COLA;;;;;;;;;;;;;R$ 6,00;1.00;;;R$ 6,00;1.00
2023-03-20;42 - AGUA MINERAL 330ML;;;;;;;;;R$ 18,00;3.00;;;R$ 6,00;1.00;;;R$ 24,00;4.00
2023-03-20;43 - AGUA MINERAL COM GAS 330ML;;;;;;;;;;;;;R$ 6,00;1.00;;;R$ 6,00;1.00
2023-03-20;45 - CROISSANT TRADICIONAL;;;;;;;;;;;;;R$ 14,00;1.00;;;R$ 14,00;1.00
2023-03-20;5 - ESPRESSO;;;;;R$ 8,00;1.00;R$ 8,00;1.00;R$ 8,00;1.00;;;;;;;R$ 24,00;3.00
2023-03-20;53 - SUCO POLPA;;;;;;;;;;;;;R$ 9,00;1.00;;;R$ 9,00;1.00
2023-03-20;54 - BOLO DO DIA;;;;;;;;;;;R$ 15,00;1.00;;;;;R$ 15,00;1.00
2023-03-20;57 - BRIGADEIRO;;;;;R$ 6,00;1.00;;;R$ 6,00;1.00;;;;;;;R$ 12,00;2.00
2023-03-20;60 - COOKIE;;;;;R$ 13,00;1.00;;;R$ 13,00;1.00;;;;;;;R$ 26,00;2.00
2023-03-20;88 - TORTA DO DIA;;;;;;;R$ 21,00;1.00;;;;;R$ 21,00;1.00;;;R$ 42,00;2.00
2023-03-20;89 - BROWNIE;;;;;;;;;R$ 28,00;2.00;R$ 14,00;1.00;;;;;R$ 42,00;3.00
2023-03-20;93 - PAO DE QUEIJO GRANDE;;;;;;;;;;;;;R$ 10,00;1.00;;;R$ 10,00;1.00
2023-03-20;94 - PORCAO EXTRA;;;;;;;;;;;;;R$ 3,00;1.00;;;R$ 3,00;1.00
2023-03-20 Total;2023-03-20 Total;R$ 41,00;2.00;;;R$ 73,00;6.00;R$ 84,00;6.00;R$ 197,00;17.00;R$ 76,00;5.00;R$ 143,00;13.00;R$ 16,00;1.00;R$ 630,00;50.00
2023-03-21;10 - MATCHA LATTE;;;R$ 14,00;1.00;;;;;;;;;;;;;R$ 14,00;1.00
2023-03-21;11 - MACCHIATTO;;;;;R$ 10,00;1.00;;;;;;;;;;;R$ 10,00;1.00
2023-03-21;121 - QUICHE;;;;;;;;;;;;;R$ 16,00;1.00;;;R$ 16,00;1.00
2023-03-21;122 - COOKIE NUTELLA;;;;;;;;;;;;;R$ 15,00;1.00;;;R$ 15,00;1.00
2023-03-21;127 - MASSA FOLHEADA;;;;;;;;;R$ 16,00;1.00;;;;;;;R$ 16,00;1.00
2023-03-21;13 - CAPPUCCINO ITALIANO;;;R$ 15,00;1.00;;;R$ 15,00;1.00;;;;;;;;;R$ 30,00;2.00
2023-03-21;133 - COMBO PAO DE QUEIJO CAPP ITALI;;;;;;;R$ 22,00;1.00;;;;;;;;;R$ 22,00;1.00
2023-03-21;35 - PAO DE QUEIJO PORCAO;;;;;;;;;;;;;R$ 12,00;1.00;;;R$ 12,00;1.00
2023-03-21;40 - COCA COLA;;;;;;;;;R$ 6,00;1.00;;;;;;;R$ 6,00;1.00
2023-03-21;5 - ESPRESSO;;;;;;;;;R$ 24,00;3.00;;;;;;;R$ 24,00;3.00
2023-03-21;57 - BRIGADEIRO;;;;;R$ 6,00;1.00;;;;;;;;;;;R$ 6,00;1.00
2023-03-21;60 - COOKIE;;;R$ 13,00;1.00;;;;;;;;;;;;;R$ 13,00;1.00
2023-03-21;88 - TORTA DO DIA;;;;;R$ 21,00;1.00;;;;;;;;;;;R$ 21,00;1.00
2023-03-21;89 - BROWNIE;;;;;;;R$ 28,00;2.00;;;;;;;;;R$ 28,00;2.00
2023-03-21 Total;2023-03-21 Total;;;R$ 42,00;3.00;R$ 37,00;3.00;R$ 65,00;4.00;R$ 46,00;5.00;;;R$ 43,00;3.00;;;R$ 233,00;18.00
2023-03-22;1 - CAFE FILTRADO V60;;;;;R$ 15,00;1.00;;;;;;;;;;;R$ 15,00;1.00
2023-03-22;106 - CROISSANT COM CARNE DE SOL;;;;;R$ 25,00;1.00;;;;;R$ 25,00;1.00;;;R$ 25,00;1.00;R$ 75,00;3.00
2023-03-22;11 - MACCHIATTO;;;R$ 20,00;2.00;;;;;;;;;;;;;R$ 20,00;2.00
2023-03-22;120 - EMPANADA ARGENTINA;;;;;;;;;R$ 32,00;2.00;R$ 48,00;3.00;R$ 32,00;2.00;;;R$ 112,00;7.00
2023-03-22;121 - QUICHE;;;R$ 16,00;1.00;;;;;R$ 32,00;2.00;;;;;;;R$ 48,00;3.00
2023-03-22;122 - COOKIE NUTELLA;;;R$ 15,00;1.00;;;;;;;;;;;;;R$ 15,00;1.00
2023-03-22;127 - MASSA FOLHEADA;;;;;;;;;;;R$ 16,00;1.00;;;;;R$ 16,00;1.00
2023-03-22;13 - CAPPUCCINO ITALIANO;;;;;;;R$ 60,00;4.00;R$ 90,00;6.00;R$ 30,00;2.00;;;R$ 15,00;1.00;R$ 195,00;13.00
2023-03-22;131 - ALFAJOR;;;R$ 12,00;1.00;;;;;;;;;;;;;R$ 12,00;1.00
2023-03-22;17 - CAFE LATTE TRADICIONAL;;;;;;;;;R$ 32,00;2.00;R$ 16,00;1.00;;;;;R$ 48,00;3.00
2023-03-22;19 - CHOCOLATE QUENTE MARSHMALLOW;;;;;;;;;;;R$ 20,00;1.00;;;;;R$ 20,00;1.00
2023-03-22;35 - PAO DE QUEIJO PORCAO;;;;;;;R$ 24,00;2.00;R$ 12,00;1.00;R$ 12,00;1.00;;;;;R$ 48,00;4.00
2023-03-22;39 - SUCO DE LARANJA;;;;;R$ 9,00;1.00;;;;;;;R$ 18,00;2.00;;;R$ 27,00;3.00
2023-03-22;40 - COCA COLA;;;;;;;;;R$ 6,00;1.00;;;;;;;R$ 6,00;1.00
2023-03-22;42 - AGUA MINERAL 330ML;;;R$ 6,00;1.00;R$ 6,00;1.00;R$ 6,00;1.00;;;;;;;R$ 6,00;1.00;R$ 24,00;4.00
2023-03-22;43 - AGUA MINERAL COM GAS 330ML;;;;;;;;;R$ 24,00;4.00;R$ 6,00;1.00;;;R$ 6,00;1.00;R$ 36,00;6.00
2023-03-22;45 - CROISSANT TRADICIONAL;;;R$ 42,00;3.00;;;;;R$ 14,00;1.00;R$ 14,00;1.00;;;;;R$ 70,00;5.00
2023-03-22;46 - CROISSANT COM QUEIJO;;;;;;;;;R$ 18,00;1.00;;;;;R$ 18,00;1.00;R$ 36,00;2.00
2023-03-22;5 - ESPRESSO;;;;;;;R$ 8,00;1.00;;;R$ 8,00;1.00;R$ 8,00;1.00;;;R$ 24,00;3.00
2023-03-22;53 - SUCO POLPA;;;;;;;;;;;R$ 9,00;1.00;;;;;R$ 9,00;1.00
2023-03-22;54 - BOLO DO DIA;;;;;;;R$ 15,00;1.00;;;;;;;;;R$ 15,00;1.00
2023-03-22;56 - LATTE BISCOFF;;;R$ 20,00;1.00;;;;;;;;;;;;;R$ 20,00;1.00
2023-03-22;57 - BRIGADEIRO;;;;;;;;;;;R$ 12,00;2.00;;;;;R$ 12,00;2.00
2023-03-22;6 - ESPRESSO DUPLO;;;;;;;;;;;R$ 11,00;1.00;;;;;R$ 11,00;1.00
2023-03-22;60 - COOKIE;;;;;R$ 13,00;1.00;;;;;;;;;;;R$ 13,00;1.00
2023-03-22;72 - CROISSANT PEITO DE PERU QUEIJO;;;R$ 22,00;1.00;;;;;;;;;R$ 44,00;2.00;;;R$ 66,00;3.00
2023-03-22;84 - CROISSANT QUEIJO TOMATE OREGAN;;;;;;;;;;;R$ 21,00;1.00;;;;;R$ 21,00;1.00
2023-03-22;85 - GUARANA ANTARTICA;;;;;;;;;;;;;R$ 6,00;1.00;R$ 12,00;2.00;R$ 18,00;3.00
2023-03-22;88 - TORTA DO DIA;;;;;;;;;R$ 21,00;1.00;R$ 21,00;1.00;R$ 21,00;1.00;R$ 21,00;1.00;R$ 84,00;4.00
2023-03-22;89 - BROWNIE;;;;;;;;;;;R$ 14,00;1.00;;;;;R$ 14,00;1.00
2023-03-22;91 - CROISSANT FRANGO E QUEIJO;;;;;;;;;R$ 24,00;1.00;R$ 24,00;1.00;R$ 72,00;3.00;R$ 48,00;2.00;R$ 168,00;7.00
2023-03-22;93 - PAO DE QUEIJO GRANDE;;;;;;;;;;;R$ 10,00;1.00;;;;;R$ 10,00;1.00
2023-03-22;95 - BROWNIE BRANCO LIMAO SICILIANO;;;;;R$ 16,00;1.00;;;;;;;;;;;R$ 16,00;1.00
2023-03-22 Total;2023-03-22 Total;;;R$ 153,00;11.00;R$ 84,00;6.00;R$ 113,00;9.00;R$ 305,00;22.00;R$ 317,00;22.00;R$ 201,00;12.00;R$ 151,00;10.00;R$ 1.324,00;92.00
2023-03-23;120 - EMPANADA ARGENTINA;;;;;;;R$ 16,00;1.00;R$ 32,00;2.00;;;;;;;R$ 48,00;3.00
2023-03-23;122 - COOKIE NUTELLA;;;R$ 15,00;1.00;;;;;;;;;;;;;R$ 15,00;1.00
2023-03-23;13 - CAPPUCCINO ITALIANO;;;;;R$ 15,00;1.00;;;R$ 30,00;2.00;;;;;;;R$ 45,00;3.00
2023-03-23;131 - ALFAJOR;;;R$ 12,00;1.00;R$ 12,00;1.00;;;;;;;;;;;R$ 24,00;2.00
2023-03-23;133 - COMBO PAO DE QUEIJO CAPP ITALI;;;;;R$ 22,00;1.00;;;;;;;;;;;R$ 22,00;1.00
2023-03-23;2 - CAFE FILTRADO CHEMEX;;;;;;;;;;;R$ 15,00;1.00;;;;;R$ 15,00;1.00
2023-03-23;3 - CAFE FILTRADO AEROPRESS;;;;;;;;;;;R$ 15,00;1.00;;;;;R$ 15,00;1.00
2023-03-23;31 - SCHWEPPES;;;;;;;R$ 6,00;1.00;;;;;;;;;R$ 6,00;1.00
2023-03-23;35 - PAO DE QUEIJO PORCAO;;;R$ 12,00;1.00;R$ 12,00;1.00;;;;;;;;;;;R$ 24,00;2.00
2023-03-23;39 - SUCO DE LARANJA;;;;;;;R$ 9,00;1.00;;;;;;;;;R$ 9,00;1.00
2023-03-23;40 - COCA COLA;;;;;;;;;;;R$ 6,00;1.00;;;;;R$ 6,00;1.00
2023-03-23;42 - AGUA MINERAL 330ML;;;;;;;R$ 6,00;1.00;R$ 6,00;1.00;;;;;;;R$ 12,00;2.00
2023-03-23;43 - AGUA MINERAL COM GAS 330ML;;;;;;;;;;;;;R$ 6,00;1.00;;;R$ 6,00;1.00
2023-03-23;45 - CROISSANT TRADICIONAL;;;;;;;R$ 14,00;1.00;;;;;;;;;R$ 14,00;1.00
2023-03-23;46 - CROISSANT COM QUEIJO;;;R$ 18,00;1.00;;;;;;;;;;;;;R$ 18,00;1.00
2023-03-23;5 - ESPRESSO;;;;;;;;;;;;;R$ 8,00;1.00;;;R$ 8,00;1.00
2023-03-23;53 - SUCO POLPA;;;;;;;R$ 9,00;1.00;;;;;;;;;R$ 9,00;1.00
2023-03-23;54 - BOLO DO DIA;;;;;;;;;;;R$ 15,00;1.00;;;;;R$ 15,00;1.00
2023-03-23;57 - BRIGADEIRO;;;R$ 6,00;1.00;;;;;;;;;;;;;R$ 6,00;1.00
2023-03-23;60 - COOKIE;;;;;;;R$ 13,00;1.00;;;;;;;;;R$ 13,00;1.00
2023-03-23;89 - BROWNIE;;;;;R$ 14,00;1.00;;;;;;;;;;;R$ 14,00;1.00
2023-03-23;94 - PORCAO EXTRA;;;R$ 3,00;1.00;;;;;;;;;;;;;R$ 3,00;1.00
2023-03-23 Total;2023-03-23 Total;;;R$ 66,00;6.00;R$ 75,00;5.00;R$ 73,00;7.00;R$ 68,00;5.00;R$ 51,00;4.00;R$ 14,00;2.00;;;R$ 347,00;29.00
2023-03-24;10 - MATCHA LATTE;;;;;;;;;;;;;R$ 14,00;1.00;;;R$ 14,00;1.00
2023-03-24;106 - CROISSANT COM CARNE DE SOL;;;;;R$ 25,00;1.00;;;;;;;R$ 25,00;1.00;R$ 25,00;1.00;R$ 75,00;3.00
2023-03-24;120 - EMPANADA ARGENTINA;;;;;;;;;;;;;R$ 64,00;4.00;;;R$ 64,00;4.00
2023-03-24;121 - QUICHE;;;;;;;;;;;R$ 32,00;2.00;;;;;R$ 32,00;2.00
2023-03-24;13 - CAPPUCCINO ITALIANO;;;R$ 15,00;1.00;;;;;;;R$ 15,00;1.00;;;R$ 30,00;2.00;R$ 60,00;4.00
2023-03-24;15 - CAPPUCCINO CREME DE AVELA;;;;;;;;;;;;;R$ 17,00;1.00;;;R$ 17,00;1.00
2023-03-24;19 - CHOCOLATE QUENTE MARSHMALLOW;;;;;;;;;;;R$ 20,00;1.00;R$ 80,00;4.00;;;R$ 100,00;5.00
2023-03-24;39 - SUCO DE LARANJA;;;;;;;;;;;;;R$ 18,00;2.00;;;R$ 18,00;2.00
2023-03-24;40 - COCA COLA;;;R$ 12,00;2.00;R$ 6,00;1.00;;;;;;;;;;;R$ 18,00;3.00
2023-03-24;41 - COCA COLA ZERO;;;;;;;R$ 6,00;1.00;;;;;R$ 12,00;2.00;;;R$ 18,00;3.00
2023-03-24;42 - AGUA MINERAL 330ML;;;;;;;;;;;R$ 6,00;1.00;R$ 6,00;1.00;;;R$ 12,00;2.00
2023-03-24;46 - CROISSANT COM QUEIJO;;;R$ 18,00;1.00;;;;;;;;;;;;;R$ 18,00;1.00
2023-03-24;5 - ESPRESSO;;;;;R$ 8,00;1.00;R$ 8,00;1.00;;;;;;;;;R$ 16,00;2.00
2023-03-24;54 - BOLO DO DIA;;;;;;;R$ 15,00;1.00;;;;;;;;;R$ 15,00;1.00
2023-03-24;56 - LATTE BISCOFF;;;;;;;R$ 20,00;1.00;;;;;;;;;R$ 20,00;1.00
2023-03-24;57 - BRIGADEIRO;;;R$ 6,00;1.00;;;;;;;;;;;;;R$ 6,00;1.00
2023-03-24;6 - ESPRESSO DUPLO;;;;;;;;;;;;;R$ 11,00;1.00;;;R$ 11,00;1.00
2023-03-24;60 - COOKIE;;;;;;;R$ 13,00;1.00;;;;;;;;;R$ 13,00;1.00
2023-03-24;8 - CAFE DM;;;;;;;;;;;;;R$ 20,00;1.00;;;R$ 20,00;1.00
2023-03-24;84 - CROISSANT QUEIJO TOMATE OREGAN;;;R$ 21,00;1.00;;;;;;;R$ 21,00;1.00;;;;;R$ 42,00;2.00
2023-03-24;89 - BROWNIE;;;R$ 14,00;1.00;;;;;;;;;;;;;R$ 14,00;1.00
2023-03-24;91 - CROISSANT FRANGO E QUEIJO;;;R$ 24,00;1.00;;;;;;;;;R$ 48,00;2.00;R$ 24,00;1.00;R$ 96,00;4.00
2023-03-24;93 - PAO DE QUEIJO GRANDE;;;;;;;R$ 10,00;1.00;;;;;;;;;R$ 10,00;1.00
2023-03-24;95 - BROWNIE BRANCO LIMAO SICILIANO;;;R$ 16,00;1.00;;;;;;;;;;;;;R$ 16,00;1.00
2023-03-24 Total;2023-03-24 Total;;;R$ 126,00;9.00;R$ 39,00;3.00;R$ 72,00;6.00;;;R$ 94,00;6.00;R$ 315,00;20.00;R$ 79,00;4.00;R$ 725,00;48.00
2023-03-25;13 - CAPPUCCINO ITALIANO;;;;;;;;;;;;;R$ 15,00;1.00;;;R$ 15,00;1.00
2023-03-25;18 - CAFE LATTE SABORIZADO;;;;;;;;;R$ 18,00;1.00;;;;;;;R$ 18,00;1.00
2023-03-25;39 - SUCO DE LARANJA;;;R$ 9,00;1.00;;;;;R$ 9,00;1.00;-R$ 9,00;-1.00;;;;;R$ 9,00;1.00
2023-03-25;40 - COCA COLA;;;;;;;;;;;R$ 6,00;1.00;;;;;R$ 6,00;1.00
2023-03-25;45 - CROISSANT TRADICIONAL;;;R$ 14,00;1.00;;;;;;;;;;;;;R$ 14,00;1.00
2023-03-25;5 - ESPRESSO;;;;;;;;;R$ 8,00;1.00;;;;;;;R$ 8,00;1.00
2023-03-25;50 - CROISSANT COM NUTELLA;;;;;;;;;R$ 24,00;1.00;;;;;;;R$ 24,00;1.00
2023-03-25;55 - FRAPPE;;;;;;;;;R$ 25,00;1.00;;;;;;;R$ 25,00;1.00
2023-03-25;72 - CROISSANT PEITO DE PERU QUEIJO;;;;;;;;;R$ 66,00;3.00;;;;;;;R$ 66,00;3.00
2023-03-25;8 - CAFE DM;;;;;;;;;;;;;R$ 20,00;1.00;;;R$ 20,00;1.00
2023-03-25;80 - FLAT WHITE;;;;;;;;;;;;;;;R$ 36,00;2.00;R$ 36,00;2.00
2023-03-25;88 - TORTA DO DIA;;;;;;;;;;;;;;;R$ 63,00;3.00;R$ 63,00;3.00
2023-03-25;89 - BROWNIE;;;;;;;;;R$ 14,00;1.00;;;;;;;R$ 14,00;1.00
2023-03-25;93 - PAO DE QUEIJO GRANDE;;;;;;;;;;;;;;;R$ 20,00;2.00;R$ 20,00;2.00
2023-03-25 Total;2023-03-25 Total;;;R$ 23,00;2.00;;;;;R$ 164,00;9.00;-R$ 3,00;0.00;R$ 35,00;2.00;R$ 119,00;7.00;R$ 338,00;20.00
2023-03-27;106 - CROISSANT COM CARNE DE SOL;;;;;;;;;R$ 25,00;1.00;;;;;R$ 25,00;1.00;R$ 50,00;2.00
2023-03-27;120 - EMPANADA ARGENTINA;;;;;;;;;R$ 16,00;1.00;;;;;;;R$ 16,00;1.00
2023-03-27;121 - QUICHE;;;;;;;R$ 16,00;1.00;;;;;;;;;R$ 16,00;1.00
2023-03-27;123 - QUICHES DOCES;;;;;;;;;;;R$ 14,00;1.00;R$ 14,00;1.00;;;R$ 28,00;2.00
2023-03-27;128 - FRAPPE NUTELLA;;;;;;;;;R$ 27,00;1.00;;;;;;;R$ 27,00;1.00
2023-03-27;13 - CAPPUCCINO ITALIANO;;;;;;;R$ 15,00;1.00;;;R$ 15,00;1.00;R$ 30,00;2.00;R$ 30,00;2.00;R$ 90,00;6.00
2023-03-27;132 - COMBO CROISSANT CAPP ITALIANO;;;;;;;;;;;R$ 31,00;1.00;R$ 31,00;1.00;;;R$ 62,00;2.00
2023-03-27;133 - COMBO PAO DE QUEIJO CAPP ITALI;;;;;;;;;R$ 22,00;1.00;;;;;;;R$ 22,00;1.00
2023-03-27;134 - TODDYNHO;;;R$ 4,50;1.00;;;;;;;;;;;;;R$ 4,50;1.00
2023-03-27;135 - YOPRO;;;;;;;R$ 13,00;1.00;;;;;;;;;R$ 13,00;1.00
2023-03-27;15 - CAPPUCCINO CREME DE AVELA;;;;;;;;;R$ 34,00;2.00;;;;;;;R$ 34,00;2.00
2023-03-27;39 - SUCO DE LARANJA;;;;;;;R$ 9,00;1.00;;;;;;;;;R$ 9,00;1.00
2023-03-27;40 - COCA COLA;;;;;;;;;;;;;R$ 6,00;1.00;;;R$ 6,00;1.00
2023-03-27;42 - AGUA MINERAL 330ML;;;;;;;R$ 6,00;1.00;;;R$ 6,00;1.00;;;;;R$ 12,00;2.00
2023-03-27;45 - CROISSANT TRADICIONAL;;;;;;;;;;;;;R$ 14,00;1.00;;;R$ 14,00;1.00
2023-03-27;50 - CROISSANT COM NUTELLA;;;;;;;;;R$ 24,00;1.00;;;;;;;R$ 24,00;1.00
2023-03-27;53 - SUCO POLPA;;;;;;;;;R$ 9,00;1.00;;;;;;;R$ 9,00;1.00
2023-03-27;57 - BRIGADEIRO;;;;;R$ 12,00;2.00;;;;;;;;;;;R$ 12,00;2.00
2023-03-27;6 - ESPRESSO DUPLO;;;;;;;;;R$ 22,00;2.00;;;;;;;R$ 22,00;2.00
2023-03-27;60 - COOKIE;;;;;;;R$ 13,00;1.00;;;R$ 13,00;1.00;;;;;R$ 26,00;2.00
2023-03-27;72 - CROISSANT PEITO DE PERU QUEIJO;;;;;;;;;;;;;R$ 22,00;1.00;;;R$ 22,00;1.00
2023-03-27;80 - FLAT WHITE;;;;;;;;;;;R$ 18,00;1.00;;;;;R$ 18,00;1.00
2023-03-27;84 - CROISSANT QUEIJO TOMATE OREGAN;;;;;;;R$ 42,00;2.00;;;;;;;;;R$ 42,00;2.00
2023-03-27;85 - GUARANA ANTARTICA;;;;;;;R$ 6,00;1.00;;;;;;;;;R$ 6,00;1.00
2023-03-27;89 - BROWNIE;;;;;;;;;R$ 28,00;2.00;;;;;;;R$ 28,00;2.00
2023-03-27;93 - PAO DE QUEIJO GRANDE;;;;;;;R$ 10,00;1.00;;;R$ 10,00;1.00;;;R$ 10,00;1.00;R$ 30,00;3.00
2023-03-27;94 - PORCAO EXTRA;;;;;;;;;;;;;R$ 3,00;1.00;;;R$ 3,00;1.00
2023-03-27 Total;2023-03-27 Total;;;R$ 4,50;1.00;R$ 12,00;2.00;R$ 130,00;10.00;R$ 207,00;12.00;R$ 107,00;7.00;R$ 120,00;8.00;R$ 65,00;4.00;R$ 645,50;44.00
2023-03-28;106 - CROISSANT COM CARNE DE SOL;;;;;;;;;R$ 50,00;2.00;;;R$ 50,00;2.00;;;R$ 100,00;4.00
2023-03-28;120 - EMPANADA ARGENTINA;;;;;;;;;;;;;R$ 16,00;1.00;;;R$ 16,00;1.00
2023-03-28;123 - QUICHES DOCES;;;;;;;R$ 14,00;1.00;;;R$ 14,00;1.00;;;;;R$ 28,00;2.00
2023-03-28;124 - BROWNIE + SORVETE;;;;;;;;;;;R$ 18,00;1.00;;;;;R$ 18,00;1.00
2023-03-28;128 - FRAPPE NUTELLA;;;;;;;R$ 54,00;2.00;;;;;;;;;R$ 54,00;2.00
2023-03-28;13 - CAPPUCCINO ITALIANO;;;;;R$ 15,00;1.00;;;R$ 30,00;2.00;R$ 15,00;1.00;;;;;R$ 60,00;4.00
2023-03-28;133 - COMBO PAO DE QUEIJO CAPP ITALI;;;;;;;;;R$ 22,00;1.00;R$ 44,00;2.00;;;;;R$ 66,00;3.00
2023-03-28;134 - TODDYNHO;;;;;;;;;;;R$ 4,50;1.00;;;;;R$ 4,50;1.00
2023-03-28;16 - CAPPUCCINO SABORIZADO;;;;;;;;;;;;;R$ 17,00;1.00;;;R$ 17,00;1.00
2023-03-28;19 - CHOCOLATE QUENTE MARSHMALLOW;;;;;;;R$ 20,00;1.00;R$ 20,00;1.00;;;;;;;R$ 40,00;2.00
2023-03-28;35 - PAO DE QUEIJO PORCAO;;;;;;;R$ 12,00;1.00;R$ 12,00;1.00;;;;;;;R$ 24,00;2.00
2023-03-28;40 - COCA COLA;;;R$ 6,00;1.00;;;;;;;R$ 18,00;3.00;;;;;R$ 24,00;4.00
2023-03-28;42 - AGUA MINERAL 330ML;;;;;;;R$ 12,00;2.00;R$ 6,00;1.00;;;R$ 6,00;1.00;;;R$ 24,00;4.00
2023-03-28;43 - AGUA MINERAL COM GAS 330ML;;;;;;;;;R$ 6,00;1.00;R$ 6,00;1.00;;;;;R$ 12,00;2.00
2023-03-28;46 - CROISSANT COM QUEIJO;;;;;;;;;R$ 18,00;1.00;;;;;;;R$ 18,00;1.00
2023-03-28;5 - ESPRESSO;;;;;R$ 8,00;1.00;R$ 8,00;1.00;;;R$ 8,00;1.00;;;;;R$ 24,00;3.00
2023-03-28;53 - SUCO POLPA;;;;;;;;;;;R$ 9,00;1.00;;;;;R$ 9,00;1.00
2023-03-28;54 - BOLO DO DIA;;;;;;;R$ 15,00;1.00;R$ 15,00;1.00;;;R$ 15,00;1.00;;;R$ 45,00;3.00
2023-03-28;57 - BRIGADEIRO;;;;;R$ 6,00;1.00;;;;;;;;;;;R$ 6,00;1.00
2023-03-28;6 - ESPRESSO DUPLO;;;;;;;;;;;;;R$ 11,00;1.00;;;R$ 11,00;1.00
2023-03-28;60 - COOKIE;;;;;;;;;R$ 13,00;1.00;;;;;;;R$ 13,00;1.00
2023-03-28;72 - CROISSANT PEITO DE PERU QUEIJO;;;;;;;R$ 22,00;1.00;;;R$ 22,00;1.00;;;;;R$ 44,00;2.00
2023-03-28;88 - TORTA DO DIA;;;;;;;;;;;R$ 21,00;1.00;;;;;R$ 21,00;1.00
2023-03-28;89 - BROWNIE;;;;;;;R$ 14,00;1.00;;;R$ 28,00;2.00;;;;;R$ 42,00;3.00
2023-03-28;91 - CROISSANT FRANGO E QUEIJO;;;;;;;;;;;R$ 24,00;1.00;;;;;R$ 24,00;1.00
2023-03-28;93 - PAO DE QUEIJO GRANDE;;;;;;;;;R$ 10,00;1.00;R$ 10,00;1.00;;;;;R$ 20,00;2.00
2023-03-28 Total;2023-03-28 Total;;;R$ 6,00;1.00;R$ 29,00;3.00;R$ 171,00;11.00;R$ 202,00;13.00;R$ 241,50;18.00;R$ 115,00;7.00;;;R$ 764,50;53.00
2023-03-29;120 - EMPANADA ARGENTINA;;;R$ 16,00;1.00;;;;;;;;;;;;;R$ 16,00;1.00
2023-03-29;124 - BROWNIE + SORVETE;;;;;R$ 18,00;1.00;;;;;;;;;;;R$ 18,00;1.00
2023-03-29;13 - CAPPUCCINO ITALIANO;;;;;R$ 15,00;1.00;R$ 30,00;2.00;;;;;R$ 15,00;1.00;;;R$ 60,00;4.00
2023-03-29;132 - COMBO CROISSANT CAPP ITALIANO;;;;;;;;;;;R$ 31,00;1.00;;;;;R$ 31,00;1.00
2023-03-29;19 - CHOCOLATE QUENTE MARSHMALLOW;;;;;;;;;;;;;R$ 20,00;1.00;;;R$ 20,00;1.00
2023-03-29;3 - CAFE FILTRADO AEROPRESS;;;;;R$ 15,00;1.00;;;;;;;;;;;R$ 15,00;1.00
2023-03-29;35 - PAO DE QUEIJO PORCAO;;;R$ 12,00;1.00;;;;;;;;;;;;;R$ 12,00;1.00
2023-03-29;42 - AGUA MINERAL 330ML;;;;;;;;;;;;;R$ 6,00;1.00;;;R$ 6,00;1.00
2023-03-29;45 - CROISSANT TRADICIONAL;;;;;R$ 56,00;4.00;;;;;;;;;;;R$ 56,00;4.00
2023-03-29;46 - CROISSANT COM QUEIJO;;;R$ 18,00;1.00;;;;;;;;;;;;;R$ 18,00;1.00
2023-03-29;5 - ESPRESSO;;;R$ 16,00;2.00;R$ 32,00;4.00;;;;;R$ 8,00;1.00;R$ 16,00;2.00;;;R$ 72,00;9.00
2023-03-29;57 - BRIGADEIRO;;;R$ 6,00;1.00;;;;;R$ 12,00;2.00;;;;;;;R$ 18,00;3.00
2023-03-29;60 - COOKIE;;;;;;;;;R$ 13,00;1.00;;;R$ 13,00;1.00;;;R$ 26,00;2.00
2023-03-29;8 - CAFE DM;;;;;;;;;;;R$ 20,00;1.00;;;;;R$ 20,00;1.00
2023-03-29;80 - FLAT WHITE;;;;;;;;;R$ 36,00;2.00;;;;;;;R$ 36,00;2.00
2023-03-29;84 - CROISSANT QUEIJO TOMATE OREGAN;;;;;;;;;R$ 21,00;1.00;;;;;;;R$ 21,00;1.00
2023-03-29;88 - TORTA DO DIA;;;;;R$ 21,00;1.00;;;;;;;R$ 42,00;2.00;;;R$ 63,00;3.00
2023-03-29;89 - BROWNIE;;;;;;;;;;;R$ 28,00;2.00;R$ 14,00;1.00;;;R$ 42,00;3.00
2023-03-29;91 - CROISSANT FRANGO E QUEIJO;;;;;;;;;;;R$ 24,00;1.00;;;R$ 48,00;2.00;R$ 72,00;3.00
2023-03-29;93 - PAO DE QUEIJO GRANDE;;;R$ 10,00;1.00;;;;;;;R$ 10,00;1.00;R$ 10,00;1.00;;;R$ 30,00;3.00
2023-03-29 Total;2023-03-29 Total;;;R$ 78,00;7.00;R$ 157,00;12.00;R$ 30,00;2.00;R$ 82,00;6.00;R$ 121,00;7.00;R$ 136,00;10.00;R$ 48,00;2.00;R$ 652,00;46.00
2023-03-30;10 - MATCHA LATTE;;;;;;;;;R$ 28,00;2.00;;;;;;;R$ 28,00;2.00
2023-03-30;11 - MACCHIATTO;;;;;;;;;R$ 10,00;1.00;;;;;;;R$ 10,00;1.00
2023-03-30;123 - QUICHES DOCES;;;R$ 14,00;1.00;R$ 14,00;1.00;R$ 14,00;1.00;;;;;;;;;R$ 42,00;3.00
2023-03-30;13 - CAPPUCCINO ITALIANO;;;;;;;;;;;;;;;R$ 15,00;1.00;R$ 15,00;1.00
2023-03-30;35 - PAO DE QUEIJO PORCAO;;;;;R$ 12,00;1.00;;;;;;;;;R$ 12,00;1.00;R$ 24,00;2.00
2023-03-30;36 - CHAI LATTE;;;;;;;;;;;;;R$ 16,00;1.00;;;R$ 16,00;1.00
2023-03-30;40 - COCA COLA;;;R$ 6,00;1.00;;;;;;;;;;;;;R$ 6,00;1.00
2023-03-30;41 - COCA COLA ZERO;;;;;;;R$ 6,00;1.00;;;;;;;R$ 6,00;1.00;R$ 12,00;2.00
2023-03-30;42 - AGUA MINERAL 330ML;;;;;;;R$ 12,00;2.00;;;;;;;;;R$ 12,00;2.00
2023-03-30;45 - CROISSANT TRADICIONAL;;;R$ 28,00;2.00;;;;;;;;;R$ 14,00;1.00;;;R$ 42,00;3.00
2023-03-30;5 - ESPRESSO;;;;;R$ 8,00;1.00;R$ 8,00;1.00;R$ 8,00;1.00;;;;;;;R$ 24,00;3.00
2023-03-30;50 - CROISSANT COM NUTELLA;;;;;R$ 24,00;1.00;;;;;;;;;;;R$ 24,00;1.00
2023-03-30;53 - SUCO POLPA;;;;;;;;;;;;;R$ 9,00;1.00;;;R$ 9,00;1.00
2023-03-30;57 - BRIGADEIRO;;;;;;;;;;;;;R$ 6,00;1.00;;;R$ 6,00;1.00
2023-03-30;6 - ESPRESSO DUPLO;;;;;R$ 11,00;1.00;;;;;;;;;;;R$ 11,00;1.00
2023-03-30;60 - COOKIE;;;;;;;;;R$ 13,00;1.00;;;;;;;R$ 13,00;1.00
2023-03-30;72 - CROISSANT PEITO DE PERU QUEIJO;;;;;;;R$ 22,00;1.00;;;;;;;;;R$ 22,00;1.00
2023-03-30;8 - CAFE DM;;;;;;;;;;;;;R$ 20,00;1.00;;;R$ 20,00;1.00
2023-03-30;85 - GUARANA ANTARTICA;;;;;R$ 6,00;1.00;;;;;;;;;;;R$ 6,00;1.00
2023-03-30;88 - TORTA DO DIA;;;;;;;;;R$ 21,00;1.00;R$ 42,00;2.00;;;;;R$ 63,00;3.00
2023-03-30;89 - BROWNIE;;;;;;;R$ 28,00;2.00;;;;;;;;;R$ 28,00;2.00
2023-03-30;91 - CROISSANT FRANGO E QUEIJO;;;;;;;R$ 48,00;2.00;;;;;;;;;R$ 48,00;2.00
2023-03-30;93 - PAO DE QUEIJO GRANDE;;;;;R$ 20,00;2.00;;;;;;;;;;;R$ 20,00;2.00
2023-03-30 Total;2023-03-30 Total;;;R$ 48,00;4.00;R$ 95,00;8.00;R$ 138,00;10.00;R$ 80,00;6.00;R$ 42,00;2.00;R$ 65,00;5.00;R$ 33,00;3.00;R$ 501,00;38.00
2023-03-31;1 - CAFE FILTRADO V60;;;;;R$ 15,00;1.00;;;;;;;;;;;R$ 15,00;1.00
2023-03-31;106 - CROISSANT COM CARNE DE SOL;;;R$ 25,00;1.00;;;;;;;;;;;;;R$ 25,00;1.00
2023-03-31;120 - EMPANADA ARGENTINA;;;;;;;;;R$ 16,00;1.00;;;;;;;R$ 16,00;1.00
2023-03-31;123 - QUICHES DOCES;;;;;;;;;;;R$ 14,00;1.00;;;;;R$ 14,00;1.00
2023-03-31;128 - FRAPPE NUTELLA;;;;;;;;;;;R$ 54,00;2.00;;;;;R$ 54,00;2.00
2023-03-31;129 - FRAPPE BISCOFF;;;;;;;R$ 30,00;1.00;;;;;;;;;R$ 30,00;1.00
2023-03-31;13 - CAPPUCCINO ITALIANO;;;;;R$ 30,00;2.00;R$ 15,00;1.00;;;R$ 60,00;4.00;;;;;R$ 105,00;7.00
2023-03-31;133 - COMBO PAO DE QUEIJO CAPP ITALI;;;;;;;R$ 22,00;1.00;;;;;;;;;R$ 22,00;1.00
2023-03-31;15 - CAPPUCCINO CREME DE AVELA;;;;;;;R$ 17,00;1.00;;;;;;;;;R$ 17,00;1.00
2023-03-31;17 - CAFE LATTE TRADICIONAL;;;;;R$ 32,00;2.00;;;;;;;;;;;R$ 32,00;2.00
2023-03-31;19 - CHOCOLATE QUENTE MARSHMALLOW;;;;;;;;;;;;;R$ 20,00;1.00;;;R$ 20,00;1.00
2023-03-31;3 - CAFE FILTRADO AEROPRESS;;;;;;;;;;;R$ 15,00;1.00;;;;;R$ 15,00;1.00
2023-03-31;35 - PAO DE QUEIJO PORCAO;;;R$ 12,00;1.00;;;;;;;R$ 36,00;3.00;R$ 12,00;1.00;;;R$ 60,00;5.00
2023-03-31;4 - CAFE FILTRADO PRENSA FRANCESA;;;;;R$ 14,00;1.00;;;;;;;;;;;R$ 14,00;1.00
2023-03-31;40 - COCA COLA;;;R$ 12,00;2.00;;;;;;;;;;;;;R$ 12,00;2.00
2023-03-31;41 - COCA COLA ZERO;;;;;;;;;R$ 6,00;1.00;;;;;;;R$ 6,00;1.00
2023-03-31;42 - AGUA MINERAL 330ML;;;;;;;;;;;;;R$ 6,00;1.00;;;R$ 6,00;1.00
2023-03-31;46 - CROISSANT COM QUEIJO;;;;;;;;;R$ 36,00;2.00;;;;;;;R$ 36,00;2.00
2023-03-31;5 - ESPRESSO;;;;;R$ 16,00;2.00;;;;;;;;;;;R$ 16,00;2.00
2023-03-31;54 - BOLO DO DIA;;;;;R$ 15,00;1.00;;;;;;;;;;;R$ 15,00;1.00
2023-03-31;57 - BRIGADEIRO;;;;;;;;;R$ 6,00;1.00;;;;;;;R$ 6,00;1.00
2023-03-31;6 - ESPRESSO DUPLO;;;;;;;;;;;R$ 11,00;1.00;;;;;R$ 11,00;1.00
2023-03-31;72 - CROISSANT PEITO DE PERU QUEIJO;;;;;;;;;;;R$ 44,00;2.00;;;;;R$ 44,00;2.00
2023-03-31;81 - CAPPUCCINO CARAMELO SALGADO;;;R$ 13,20;1.00;;;;;;;;;;;;;R$ 13,20;1.00
2023-03-31;89 - BROWNIE;;;;;;;R$ 28,00;2.00;;;R$ 14,00;1.00;R$ 14,00;1.00;;;R$ 56,00;4.00
2023-03-31;93 - PAO DE QUEIJO GRANDE;;;;;;;;;;;R$ 10,00;1.00;;;;;R$ 10,00;1.00
2023-03-31 Total;2023-03-31 Total;;;R$ 62,20;5.00;R$ 122,00;9.00;R$ 112,00;6.00;R$ 64,00;5.00;R$ 258,00;16.00;R$ 52,00;4.00;;;R$ 670,20;45.00
Total geral;Total geral;R$ 41,00;2.00;R$ 1.264,70;101.00;R$ 1.502,00;118.00;R$ 2.256,00;164.00;R$ 2.854,00;199.00;R$ 2.302,00;151.00;R$ 1.982,00;137.00;R$ 896,50;60.00;R$ 13.098,20;932.00
